2026/09/28 14:06:50.248, 2184 MHz, 3003 MHz, 10.25 W, 53, 0x0000000000000000
2026/09/28 14:06:51.267, 2177 MHz, 3003 MHz, 24.88 W, 59, 0x0000000000000000
2026/09/28 14:06:52.274, 2177 MHz, 3003 MHz, 46.18 W, 61, 0x0000000000000000
2026/09/28 14:06:53.281, 2177 MHz, 3003 MHz, 46.79 W, 62, 0x0000000000000000
2026/09/28 14:06:54.288, 2177 MHz, 3003 MHz, 46.67 W, 62, 0x0000000000000000
2026/09/28 14:06:55.297, 2171 MHz, 3003 MHz, 46.79 W, 63, 0x0000000000000000
2026/09/28 14:06:56.304, 2171 MHz, 3003 MHz, 45.89 W, 63, 0x0000000000000000
2026/09/28 14:06:57.311, 2177 MHz, 3003 MHz, 30.29 W, 63, 0x0000000000000000
2026/09/28 14:06:58.320, 2171 MHz, 3003 MHz, 46.74 W, 63, 0x0000000000000000
2026/09/28 14:06:59.326, 2171 MHz, 3003 MHz, 47.22 W, 64, 0x0000000000000000
2026/09/28 14:07:00.337, 2171 MHz, 3003 MHz, 47.12 W, 64, 0x0000000000000000
2026/09/28 14:07:01.341, 2171 MHz, 3003 MHz, 46.95 W, 64, 0x0000000000000000
2026/09/28 14:07:02.347, 2171 MHz, 3003 MHz, 34.56 W, 61, 0x0000000000000000
2026/09/28 14:07:03.352, 2177 MHz, 3003 MHz, 30.50 W, 62, 0x0000000000000000
2026/09/28 14:07:04.357, 2177 MHz, 3003 MHz, 30.53 W, 62, 0x0000000000000000
2026/09/28 14:07:05.362, 2177 MHz, 3003 MHz, 29.03 W, 63, 0x0000000000000000
2026/09/28 14:07:06.367, 2177 MHz, 3003 MHz, 30.47 W, 62, 0x0000000000000000
2026/09/28 14:07:07.372, 2177 MHz, 3003 MHz, 29.93 W, 62, 0x0000000000000000
2026/09/28 14:07:08.377, 2177 MHz, 3003 MHz, 32.72 W, 63, 0x0000000000000000
2026/09/28 14:07:09.384, 2171 MHz, 3003 MHz, 47.66 W, 64, 0x0000000000000000
2026/09/28 14:07:10.391, 2171 MHz, 3003 MHz, 47.63 W, 66, 0x0000000000000000
2026/09/28 14:07:11.395, 2171 MHz, 3003 MHz, 48.04 W, 66, 0x0000000000000000
2026/09/28 14:07:12.401, 2171 MHz, 3003 MHz, 47.90 W, 65, 0x0000000000000000
2026/09/28 14:07:13.406, 2171 MHz, 3003 MHz, 47.94 W, 67, 0x0000000000000000
2026/09/28 14:07:14.420, 2171 MHz, 3003 MHz, 47.60 W, 66, 0x0000000000000000
2026/09/28 14:07:15.426, 2171 MHz, 3003 MHz, 48.02 W, 66, 0x0000000000000000
2026/09/28 14:07:16.433, 2171 MHz, 3003 MHz, 47.97 W, 67, 0x0000000000000000
2026/09/28 14:07:17.439, 2171 MHz, 3003 MHz, 48.35 W, 66, 0x0000000000000000
2026/09/28 14:07:18.445, 2171 MHz, 3003 MHz, 48.23 W, 68, 0x0000000000000000
2026/09/28 14:07:19.457, 2171 MHz, 3003 MHz, 48.50 W, 68, 0x0000000000000000
2026/09/28 14:07:20.464, 2171 MHz, 3003 MHz, 48.46 W, 68, 0x0000000000000000
2026/09/28 14:07:21.472, 2171 MHz, 3003 MHz, 48.55 W, 67, 0x0000000000000000
2026/09/28 14:07:22.479, 2171 MHz, 3003 MHz, 48.02 W, 67, 0x0000000000000000
2026/09/28 14:07:23.485, 2171 MHz, 3003 MHz, 48.47 W, 68, 0x0000000000000000
2026/09/28 14:07:24.497, 2171 MHz, 3003 MHz, 48.63 W, 69, 0x0000000000000000
2026/09/28 14:07:25.504, 2171 MHz, 3003 MHz, 45.52 W, 65, 0x0000000000000000
2026/09/28 14:07:26.510, 2177 MHz, 3003 MHz, 25.51 W, 64, 0x0000000000000000
2026/09/28 14:07:27.519, 2177 MHz, 3003 MHz, 25.81 W, 64, 0x0000000000000000
2026/09/28 14:07:28.528, 2177 MHz, 3003 MHz, 25.68 W, 64, 0x0000000000000000
2026/09/28 14:07:29.532, 2171 MHz, 3003 MHz, 36.06 W, 68, 0x0000000000000000
2026/09/28 14:07:30.539, 2171 MHz, 3003 MHz, 47.98 W, 68, 0x0000000000000000
2026/09/28 14:07:31.549, 2171 MHz, 3003 MHz, 48.13 W, 68, 0x0000000000000000
2026/09/28 14:07:32.557, 2171 MHz, 3003 MHz, 48.30 W, 68, 0x0000000000000000
2026/09/28 14:07:33.561, 2171 MHz, 3003 MHz, 48.72 W, 70, 0x0000000000000000
2026/09/28 14:07:34.568, 2171 MHz, 3003 MHz, 48.52 W, 68, 0x0000000000000000
2026/09/28 14:07:35.575, 2171 MHz, 3003 MHz, 48.53 W, 69, 0x0000000000000000
2026/09/28 14:07:36.582, 2171 MHz, 3003 MHz, 48.76 W, 70, 0x0000000000000000
2026/09/28 14:07:37.588, 2171 MHz, 3003 MHz, 48.86 W, 69, 0x0000000000000000
2026/09/28 14:07:38.598, 2171 MHz, 3003 MHz, 49.01 W, 69, 0x0000000000000000
2026/09/28 14:07:39.605, 2171 MHz, 3003 MHz, 48.81 W, 71, 0x0000000000000000
2026/09/28 14:07:40.614, 2171 MHz, 3003 MHz, 48.40 W, 69, 0x0000000000000000
2026/09/28 14:07:41.620, 2171 MHz, 3003 MHz, 40.73 W, 68, 0x0000000000000000
2026/09/28 14:07:42.627, 2171 MHz, 3003 MHz, 31.43 W, 67, 0x0000000000000000
2026/09/28 14:07:43.633, 2171 MHz, 3003 MHz, 30.95 W, 66, 0x0000000000000000
2026/09/28 14:07:44.638, 2171 MHz, 3003 MHz, 30.19 W, 67, 0x0000000000000000
2026/09/28 14:07:45.642, 2171 MHz, 3003 MHz, 31.47 W, 66, 0x0000000000000000
2026/09/28 14:07:46.648, 2171 MHz, 3003 MHz, 33.09 W, 66, 0x0000000000000000
2026/09/28 14:07:47.654, 2171 MHz, 3003 MHz, 32.77 W, 66, 0x0000000000000000
2026/09/28 14:07:48.659, 2171 MHz, 3003 MHz, 43.27 W, 70, 0x0000000000000000
2026/09/28 14:07:49.665, 2171 MHz, 3003 MHz, 48.93 W, 69, 0x0000000000000000
2026/09/28 14:07:50.678, 2171 MHz, 3003 MHz, 48.97 W, 69, 0x0000000000000000
2026/09/28 14:07:51.683, 2171 MHz, 3003 MHz, 49.01 W, 71, 0x0000000000000000
2026/09/28 14:07:52.690, 2171 MHz, 3003 MHz, 49.12 W, 70, 0x0000000000000000
2026/09/28 14:07:53.698, 2171 MHz, 3003 MHz, 48.64 W, 69, 0x0000000000000000
2026/09/28 14:07:54.705, 2177 MHz, 3003 MHz, 49.16 W, 71, 0x0000000000000000
2026/09/28 14:07:55.712, 2171 MHz, 3003 MHz, 49.37 W, 70, 0x0000000000000000
2026/09/28 14:07:56.718, 2177 MHz, 3003 MHz, 49.34 W, 71, 0x0000000000000000
2026/09/28 14:07:57.723, 2177 MHz, 3003 MHz, 49.58 W, 72, 0x0000000000000000
2026/09/28 14:07:58.732, 2177 MHz, 3003 MHz, 49.71 W, 70, 0x0000000000000000
2026/09/28 14:07:59.739, 2177 MHz, 3003 MHz, 49.83 W, 71, 0x0000000000000000
2026/09/28 14:08:00.746, 2177 MHz, 3003 MHz, 49.26 W, 71, 0x0000000000000000
2026/09/28 14:08:01.753, 2177 MHz, 3003 MHz, 49.66 W, 71, 0x0000000000000000
2026/09/28 14:08:02.760, 2177 MHz, 3003 MHz, 49.66 W, 70, 0x0000000000000000
2026/09/28 14:08:03.766, 2177 MHz, 3003 MHz, 49.94 W, 71, 0x0000000000000000
2026/09/28 14:08:04.776, 2177 MHz, 3003 MHz, 50.02 W, 72, 0x0000000000000000
2026/09/28 14:08:05.783, 2177 MHz, 3003 MHz, 49.96 W, 72, 0x0000000000000000
2026/09/28 14:08:06.790, 2177 MHz, 3003 MHz, 49.88 W, 71, 0x0000000000000000
2026/09/28 14:08:07.797, 2177 MHz, 3003 MHz, 50.11 W, 71, 0x0000000000000000
2026/09/28 14:08:08.805, 2177 MHz, 3003 MHz, 49.49 W, 73, 0x0000000000000000
2026/09/28 14:08:09.811, 2177 MHz, 3003 MHz, 50.10 W, 72, 0x0000000000000000
2026/09/28 14:08:10.817, 2177 MHz, 3003 MHz, 50.12 W, 73, 0x0000000000000000
2026/09/28 14:08:11.823, 2177 MHz, 3003 MHz, 50.31 W, 71, 0x0000000000000000
2026/09/28 14:08:12.832, 2177 MHz, 3003 MHz, 50.05 W, 73, 0x0000000000000000
2026/09/28 14:08:13.840, 2177 MHz, 3003 MHz, 50.23 W, 72, 0x0000000000000000
2026/09/28 14:08:14.846, 2184 MHz, 3003 MHz, 50.49 W, 72, 0x0000000000000000
2026/09/28 14:08:15.852, 2177 MHz, 3003 MHz, 50.56 W, 71, 0x0000000000000000
2026/09/28 14:08:16.858, 2177 MHz, 3003 MHz, 50.44 W, 73, 0x0000000000000000
2026/09/28 14:08:17.864, 2177 MHz, 3003 MHz, 50.50 W, 72, 0x0000000000000000
2026/09/28 14:08:18.870, 2177 MHz, 3003 MHz, 50.50 W, 73, 0x0000000000000000
2026/09/28 14:08:19.875, 2177 MHz, 3003 MHz, 50.04 W, 72, 0x0000000000000000
2026/09/28 14:08:20.879, 2171 MHz, 3003 MHz, 40.04 W, 70, 0x0000000000000000
2026/09/28 14:08:21.884, 2171 MHz, 3003 MHz, 32.69 W, 70, 0x0000000000000000
2026/09/28 14:08:22.889, 2171 MHz, 3003 MHz, 34.11 W, 69, 0x0000000000000000
2026/09/28 14:08:23.894, 2171 MHz, 3003 MHz, 32.53 W, 68, 0x0000000000000000
2026/09/28 14:08:24.899, 2171 MHz, 3003 MHz, 31.75 W, 69, 0x0000000000000000
2026/09/28 14:08:25.903, 2171 MHz, 3003 MHz, 32.76 W, 69, 0x0000000000000000
2026/09/28 14:08:26.908, 2171 MHz, 3003 MHz, 32.99 W, 70, 0x0000000000000000
2026/09/28 14:08:27.914, 2177 MHz, 3003 MHz, 43.87 W, 73, 0x0000000000000000
2026/09/28 14:08:28.921, 2177 MHz, 3003 MHz, 50.40 W, 73, 0x0000000000000000
2026/09/28 14:08:29.926, 2177 MHz, 3003 MHz, 50.70 W, 71, 0x0000000000000000
2026/09/28 14:08:30.938, 2177 MHz, 3003 MHz, 50.36 W, 73, 0x0000000000000000
2026/09/28 14:08:31.945, 2177 MHz, 3003 MHz, 50.76 W, 72, 0x0000000000000000
2026/09/28 14:08:32.954, 2177 MHz, 3003 MHz, 49.95 W, 71, 0x0000000000000000
2026/09/28 14:08:33.958, 2177 MHz, 3003 MHz, 50.82 W, 73, 0x0000000000000000
2026/09/28 14:08:34.965, 2177 MHz, 3003 MHz, 50.76 W, 72, 0x0000000000000000
2026/09/28 14:08:35.973, 2184 MHz, 3003 MHz, 50.97 W, 72, 0x0000000000000000
2026/09/28 14:08:36.980, 2177 MHz, 3003 MHz, 50.93 W, 74, 0x0000000000000000
2026/09/28 14:08:37.987, 2177 MHz, 3003 MHz, 50.84 W, 72, 0x0000000000000000
2026/09/28 14:08:38.996, 2177 MHz, 3003 MHz, 51.12 W, 72, 0x0000000000000000
2026/09/28 14:08:40.004, 2177 MHz, 3003 MHz, 50.46 W, 71, 0x0000000000000000
2026/09/28 14:08:41.012, 2177 MHz, 3003 MHz, 50.70 W, 72, 0x0000000000000000
2026/09/28 14:08:42.019, 2177 MHz, 3003 MHz, 50.68 W, 74, 0x0000000000000000
2026/09/28 14:08:43.026, 2177 MHz, 3003 MHz, 50.91 W, 72, 0x0000000000000000
2026/09/28 14:08:44.036, 2177 MHz, 3003 MHz, 51.28 W, 75, 0x0000000000000000
2026/09/28 14:08:45.043, 2177 MHz, 3003 MHz, 51.06 W, 73, 0x0000000000000000
2026/09/28 14:08:46.050, 2177 MHz, 3003 MHz, 51.03 W, 74, 0x0000000000000000
2026/09/28 14:08:47.059, 2177 MHz, 3003 MHz, 51.34 W, 73, 0x0000000000000000
2026/09/28 14:08:48.068, 2177 MHz, 3003 MHz, 50.69 W, 72, 0x0000000000000000
2026/09/28 14:08:49.078, 2177 MHz, 3003 MHz, 51.20 W, 74, 0x0000000000000000
2026/09/28 14:08:50.086, 2177 MHz, 3003 MHz, 51.08 W, 74, 0x0000000000000000
2026/09/28 14:08:51.092, 2177 MHz, 3003 MHz, 51.42 W, 74, 0x0000000000000000
2026/09/28 14:08:52.101, 2177 MHz, 3003 MHz, 51.12 W, 74, 0x0000000000000000
2026/09/28 14:08:53.107, 2177 MHz, 3003 MHz, 51.09 W, 73, 0x0000000000000000
2026/09/28 14:08:54.116, 2177 MHz, 3003 MHz, 51.11 W, 74, 0x0000000000000000
2026/09/28 14:08:55.123, 2177 MHz, 3003 MHz, 51.30 W, 74, 0x0000000000000000
2026/09/28 14:08:56.129, 2177 MHz, 3003 MHz, 50.97 W, 73, 0x0000000000000000
2026/09/28 14:08:57.138, 2177 MHz, 3003 MHz, 51.32 W, 74, 0x0000000000000000
2026/09/28 14:08:58.145, 2177 MHz, 3003 MHz, 51.17 W, 74, 0x0000000000000000
2026/09/28 14:08:59.151, 2177 MHz, 3003 MHz, 51.22 W, 74, 0x0000000000000000
2026/09/28 14:09:00.156, 2177 MHz, 3003 MHz, 47.39 W, 71, 0x0000000000000000
2026/09/28 14:09:01.161, 2171 MHz, 3003 MHz, 33.83 W, 70, 0x0000000000000000
2026/09/28 14:09:02.165, 2171 MHz, 3003 MHz, 33.28 W, 71, 0x0000000000000000
2026/09/28 14:09:03.170, 2171 MHz, 3003 MHz, 32.80 W, 70, 0x0000000000000000
2026/09/28 14:09:04.175, 2171 MHz, 3003 MHz, 33.23 W, 71, 0x0000000000000000
2026/09/28 14:09:05.179, 2171 MHz, 3003 MHz, 30.97 W, 69, 0x0000000000000000
2026/09/28 14:09:06.184, 2171 MHz, 3003 MHz, 32.83 W, 69, 0x0000000000000000
2026/09/28 14:09:07.188, 2171 MHz, 3003 MHz, 37.68 W, 72, 0x0000000000000000
2026/09/28 14:09:08.192, 2177 MHz, 3003 MHz, 51.25 W, 74, 0x0000000000000000
2026/09/28 14:09:09.200, 2177 MHz, 3003 MHz, 51.29 W, 74, 0x0000000000000000
2026/09/28 14:09:10.208, 2177 MHz, 3003 MHz, 50.79 W, 72, 0x0000000000000000
2026/09/28 14:09:11.218, 2177 MHz, 3003 MHz, 51.26 W, 74, 0x0000000000000000
2026/09/28 14:09:12.225, 2177 MHz, 3003 MHz, 50.96 W, 74, 0x0000000000000000
2026/09/28 14:09:13.231, 2177 MHz, 3003 MHz, 51.39 W, 74, 0x0000000000000000
2026/09/28 14:09:14.237, 2177 MHz, 3003 MHz, 51.35 W, 74, 0x0000000000000000
2026/09/28 14:09:15.242, 2177 MHz, 3003 MHz, 51.01 W, 73, 0x0000000000000000
2026/09/28 14:09:16.250, 2177 MHz, 3003 MHz, 51.41 W, 74, 0x0000000000000000
2026/09/28 14:09:17.257, 2177 MHz, 3003 MHz, 51.56 W, 74, 0x0000000000000000
2026/09/28 14:09:18.262, 2177 MHz, 3003 MHz, 51.06 W, 74, 0x0000000000000000
2026/09/28 14:09:19.269, 2177 MHz, 3003 MHz, 50.02 W, 74, 0x0000000000000000
2026/09/28 14:09:20.276, 2177 MHz, 3003 MHz, 26.78 W, 69, 0x0000000000000000
2026/09/28 14:09:21.284, 2177 MHz, 3003 MHz, 26.34 W, 69, 0x0000000000000000
2026/09/28 14:09:22.291, 2177 MHz, 3003 MHz, 26.26 W, 69, 0x0000000000000000
