id	hypothesis	change	before	after	delta	tests	verdict	note
h0	baseline capture	none (live published recipe)	prose_c1=28.30	prose_c1=28.30	0	doctor ready; bench SUMMARY written	kept	live 18h glm53-sm121-v11 DFlash2-5 graphs 327680
h1	DFlash2-6 extra slot still accepts enough on structured	num_speculative_tokens 5->6, graphs 7/14/21/28	prose_c1=28.30 struct_c1=50.74 pool=400497	prose_c1=27.96 struct_c1=55.67 pool=386194	prose_c1=-0.34 struct_c1=+4.93	doctor ready; count 155; c=4 prose TTFT spikes 6s	reverted	primary ruler prose c=1 did not beat noise; KV pool shrank; structured win noted for a later lane
h2	engine 2048 scheduled tokens suboptimal with spec slots	EXTRA_ARGS --max-num-batched-tokens 4096, spec=5	prose_c1=28.30 ttft_c4~0.63 pool=400497	prose_c1=29.52 ttft_c4=6.556 pool=389673	prose_c1=+1.22	doctor ready; count 155; c=4 prose TTFT 10x	reverted	c=1 barely past noise; c=4 admission broke; smaller KV pool
h3	full DFlash2 block at occupancy 2	num_spec=7 MAX_NUM_SEQS=2 graphs 8/16	prose_c1=28.30 struct_c1=50.74	prose_c1=27.32 struct_c1=61.86	prose=-0.98 struct=+11.12	doctor ready; count 155; c=2 prose TTFT spike 6.6s	reverted	primary prose ruler did not move; structured decode +22 percent is a documented occupancy not the default
h4	stock template always opened think so enable_thinking false leaked CoT	mount chat_template.jinja; honor enable_thinking; restore DFlash2-5 seqs=4	prose_c1=28.30 leaked CoT	prose_c1=26.17 (cold); count=200/200; smoke no CoT leak	thinking-off kept	smoke leaked_think=false; count 200; 1M guard rc=1 without killing serve	kept	cold bench is not a tok/s claim; this is a correctness keep plus occupancy knobs and the fp8 1M refuse
h-cutlass-oom	flashinfer_cutlass on v12 reads input_scale	IMAGE=v12 MOE_BACKEND=flashinfer_cutlass SNAPSHOT=caca4e6	n/a (API never came up)	n/a	OOM	reverted	spark2 global OOM 2026-08-31T11:19:38Z during cudafe++; spark1 exit 255; do not retry
h-snap	caca4e6 on v11 marlin is a quality pin not a tok/s hill	SNAPSHOT_REV=caca4e6 IMAGE=v11 MOE=marlin	README prose_c1=19.7 struct_c1=67.1	wave1 prose_c1=18.08 struct_c1=67.14; wave2 prose_c1=16.92 struct_c1=64.43 (swap)	struct_c1 inside noise under UMA swap	smoke+count200+think-off+doctor ready	kept	not a decode claim; marlin ignores input_scale; refuse cutlass separately
h-nv-linear-marlin	nvidia pack profile collapse is the auto-selected NVFP4 dense-MLP GEMM JIT (FlashInfer CUTLASS SM120 FP4)	EXTRA_ARGS --linear-backend marlin on nvidia/GLM-5.3-Flash-NVFP4@09b04e5, image v11, run.sh defaults otherwise	2026-09-16 stock: never ready; MemAvailable 19 -> 0.45/0.59 GiB after mhc_post TileLang; watcher kill	ready; PROFILE low 8.90/8.89 GiB; KV_READY low 4.16/6.02; prose_c1=19.67/18.99 (acc 2.309/2.188) prose_c2=15.21/14.91 struct_c1=68.29 struct_c2=59.71 (acc 8.0); pool=372877	boots vs never; step ms 115-117 prose c1 vs LibertAI rebench 114.6; struct c1 117.2 vs 116.0 (inside ruler noise)	smoke ok; thinking-off no leak; count 200/200; vision HTTP 200; needle-8192 hit x2 (1349 tok/s warm); tool call ok; no scale_2 mismatch; 0 fp4_gemm compiler rows	supported	diagnostic only: default wiring is #11-A LINEAR_BACKEND in recipe.yaml (other lane); PROFILE margin 0.9 GiB over the 8 GiB floor with flashinfer topk JIT (~3.5-3.9 GiB compiler RSS) inside PROFILE; n=1 boot, not the 4-boot #11-B gate; prose p6 acceptance 0.000
e0-jit-verbose	FLASHINFER_JIT_VERBOSE=1 only adds JIT logging	EXTRA_ENV='MAX_JOBS=2 FLASHINFER_JIT_VERBOSE=1' on the e0 boot	12:27 boot (no verbose): topk ptxas peak 1.94 GiB, PROFILE low 8.90/8.89 GiB	topk ptxas -g --dont-merge-basicblocks 3.28 GiB and growing; PROFILE 7.75 GiB -> watcher kill	boot lost	flashinfer/jit/core.py:525-528 read in the v11 image; boot 2 with FLASHINFER_JIT_DEBUG=0: 0 debug builds, topk ptxas 1.90 GiB, PROFILE 9.06/9.99	refuted	keep FLASHINFER_JIT_DEBUG=0 next to FLASHINFER_JIT_VERBOSE=1; the README EXTRA_ENV example has the same hazard
e0-nvidia-v11	baseline of the new recipe defaults on nvidia 09b04e5 / v11 (ruler v2, Tier 0, Tier 1)	none vs ac45f1e defaults: LINEAR_BACKEND=marlin, --mm-processor-cache-gb 1, max_new_tokens 65536, thinking-alias template; DFlash2-7, seqs 2	iter-nvidia-linear-marlin ruler v1 prose_c1 19.67/18.99 (acc 2.309/2.188) struct_c1 68.29	ruler v2 A 19.79/19.66 (acc 2.285/2.271, step 115.3) B 34.90/34.39 J@c1 68.89/68.84 H 13.69/14.04 E prefill 1331/1329; Tier 0 ref nvidia-v11-k7; Tier 1 pooled 84.9%	within boot: A -0.6%, B -1.5%, J@c1 -0.1%, H +2.6%, K@c1 +2.8%, K@c2 -4.5% (bench-2 vs bench-1)	count 200/200; QUAL-2 8/8; vision 13/13 (smoke); Tier 0 compare 9/10 (video flaky); Tier 1 1010 items 0 errors	baseline recorded	n=1 boot; serve is not run-to-run deterministic (A/A top-1 98.45%, KL 5e-3, greedy 14/20 diverge) so fp8/nvfp4 stage floors sit below A/A noise; JIT_CACHE/WARM_SHARDS (merged 13:49Z) were not active
