start	end	label	rc
2026-09-28T08:30:37.138Z	2026-09-28T08:30:43.150Z	probe-count	0
2026-09-28T08:30:43.156Z	2026-09-28T08:30:48.542Z	probe-qual2	0
2026-09-28T08:30:48.549Z	2026-09-28T08:30:56.246Z	probe-vision	0
2026-09-28T08:30:56.257Z	2026-09-28T08:30:57.166Z	skill-smoke	0
2026-09-28T08:30:57.187Z	2026-09-28T08:30:57.491Z	skill-thinking-off	0
2026-09-28T08:30:57.497Z	2026-09-28T08:30:58.260Z	skill-tool-call	0
2026-09-28T08:30:58.268Z	2026-09-28T08:31:12.255Z	skill-needle-8k	0
2026-09-28T08:31:12.261Z	2026-09-28T08:47:18.282Z	bench-1	0
2026-09-28T08:47:18.287Z	2026-09-28T08:53:54.165Z	bench-2	0
2026-09-28T08:53:54.169Z	2026-09-28T09:00:58.502Z	tier0-compare	1
2026-09-28T09:00:58.523Z	2026-09-28T09:01:36.270Z	tier0-flaky-1	1
2026-09-28T09:01:36.294Z	2026-09-28T09:01:46.906Z	tier0-flaky-2	1
2026-09-28T09:01:46.929Z	2026-09-28T09:02:05.490Z	tier0-flaky-3	1
2026-09-28T09:02:05.517Z	2026-09-28T09:03:41.846Z	utf8-texts	0
2026-09-28T09:03:41.874Z	2026-09-28T09:04:00.992Z	probe-lossless	0
2026-09-28T09:05:11.113Z	2026-09-28T09:05:22.882Z	probe-lossless-repeat	0
