ts	node	phase	pid	rss_kib	etimes_s	args
2026-09-27T19:38:52.156Z	spark1	SERVING	1764889	1456	0	sh -c -- cd /jit-cache/vllm/deep_gemm/tmp && /usr/local/cuda/bin/nvcc /jit-cache/vllm/deep_gemm/tmp/248-544938bb-b7d08737-b3d7bbea/kernel.cu -cubin -o /jit-cache/vllm/deep_gemm/tmp/248-544938bb-b7d08737-b3d7bbea/kernel.cubin -std=c++20 --diag-suppress=39,161,174,177,186,940 --ptxas-options=--register-usage-level=10 -I/usr/local/lib/python3.12/dist-packages/vllm/third_party/de
2026-09-27T19:38:52.158Z	spark1	SERVING	1764890	3204	0	/usr/local/cuda/bin/nvcc /jit-cache/vllm/deep_gemm/tmp/248-544938bb-b7d08737-b3d7bbea/kernel.cu -cubin -o /jit-cache/vllm/deep_gemm/tmp/248-544938bb-b7d08737-b3d7bbea/kernel.cubin -std c++20 --diag-suppress 39,161,174,177,186,940 --ptxas-options --register-usage-level=10 -I/usr/local/lib/python3.12/dist-packages/vllm/third_party/deep_gemm/include -gencode arch=compute_120f,co
2026-09-27T19:38:52.158Z	spark1	SERVING	1764923	1528	0	sh -c -- "$CICC_PATH/cicc" --c++20 --static-host-stub --device-hidden-visibility --gnu_version=130300 --diag_suppress 39,161,174,177,186,940 --display_error_number --orig_src_file_name "/jit-cache/vllm/deep_gemm/tmp/248-544938bb-b7d08737-b3d7bbea/kernel.cu" --orig_src_path_name "/jit-cache/vllm/deep_gemm/tmp/248-544938bb-b7d08737-b3d7bbea/kernel.cu" --allow_managed --extended
2026-09-27T19:38:52.158Z	spark1	SERVING	1764924	87428	0	/usr/local/cuda/bin/../nvvm/bin/cicc --c++20 --static-host-stub --device-hidden-visibility --gnu_version=130300 --diag_suppress 39,161,174,177,186,940 --display_error_number --orig_src_file_name /jit-cache/vllm/deep_gemm/tmp/248-544938bb-b7d08737-b3d7bbea/kernel.cu --orig_src_path_name /jit-cache/vllm/deep_gemm/tmp/248-544938bb-b7d08737-b3d7bbea/kernel.cu --allow_managed --ex
2026-09-27T19:38:52.277Z	spark2	SERVING	408168	1576	1	sh -c -- cd /jit-cache/vllm/deep_gemm/tmp && /usr/local/cuda/bin/nvcc /jit-cache/vllm/deep_gemm/tmp/191-f1e470b7-76cb1d53-ae7f5574/kernel.cu -cubin -o /jit-cache/vllm/deep_gemm/tmp/191-f1e470b7-76cb1d53-ae7f5574/kernel.cubin -std=c++20 --diag-suppress=39,161,174,177,186,940 --ptxas-options=--register-usage-level=10 -I/usr/local/lib/python3.12/dist-packages/vllm/third_party/dee
2026-09-27T19:38:52.277Z	spark2	SERVING	408169	3264	1	/usr/local/cuda/bin/nvcc /jit-cache/vllm/deep_gemm/tmp/191-f1e470b7-76cb1d53-ae7f5574/kernel.cu -cubin -o /jit-cache/vllm/deep_gemm/tmp/191-f1e470b7-76cb1d53-ae7f5574/kernel.cubin -std c++20 --diag-suppress 39,161,174,177,186,940 --ptxas-options --register-usage-level=10 -I/usr/local/lib/python3.12/dist-packages/vllm/third_party/deep_gemm/include -gencode arch=compute_120f,cod
2026-09-27T19:38:52.277Z	spark2	SERVING	408312	1576	0	sh -c -- "$CICC_PATH/cicc" --c++20 --static-host-stub --device-hidden-visibility --gnu_version=130300 --diag_suppress 39,161,174,177,186,940 --display_error_number --orig_src_file_name "/jit-cache/vllm/deep_gemm/tmp/191-f1e470b7-76cb1d53-ae7f5574/kernel.cu" --orig_src_path_name "/jit-cache/vllm/deep_gemm/tmp/191-f1e470b7-76cb1d53-ae7f5574/kernel.cu" --allow_managed --extended-
2026-09-27T19:38:52.277Z	spark2	SERVING	408313	305856	0	/usr/local/cuda/bin/../nvvm/bin/cicc --c++20 --static-host-stub --device-hidden-visibility --gnu_version=130300 --diag_suppress 39,161,174,177,186,940 --display_error_number --orig_src_file_name /jit-cache/vllm/deep_gemm/tmp/191-f1e470b7-76cb1d53-ae7f5574/kernel.cu --orig_src_path_name /jit-cache/vllm/deep_gemm/tmp/191-f1e470b7-76cb1d53-ae7f5574/kernel.cu --allow_managed --ext
2026-09-27T19:38:57.226Z	spark1	SERVING	1764981	3248	0	/usr/local/cuda/bin/nvcc -ccbin /usr/bin/g++ --cubin -O3 -lineinfo -arch sm_121a -std c++20 -I/usr/local/lib/python3.12/dist-packages/tilelang/3rdparty/../src -I/usr/local/lib/python3.12/dist-packages/tilelang/3rdparty/cutlass/include --ptxas-options --register-usage-level=10 -o /tmp/tmpid3vgef8/tvm_kernels.cubin /tmp/tmpid3vgef8/tvm_kernels.cu
2026-09-27T19:38:57.227Z	spark1	SERVING	1764987	1540	0	sh -c -- "$CICC_PATH/cicc" --c++20 --static-host-stub --device-hidden-visibility --gnu_version=130300 --display_error_number --orig_src_file_name "/tmp/tmpid3vgef8/tvm_kernels.cu" --orig_src_path_name "/tmp/tmpid3vgef8/tvm_kernels.cu" --allow_managed --unsigned_chars --unsigned_wchar_t   -arch compute_121a -m64 --no-version-ident -ftz=0 -prec_div=1 -prec_sqrt=1 -fmad=1 --incl
2026-09-27T19:38:57.227Z	spark1	SERVING	1764988	241492	0	/usr/local/cuda/bin/../nvvm/bin/cicc --c++20 --static-host-stub --device-hidden-visibility --gnu_version=130300 --display_error_number --orig_src_file_name /tmp/tmpid3vgef8/tvm_kernels.cu --orig_src_path_name /tmp/tmpid3vgef8/tvm_kernels.cu --allow_managed --unsigned_chars --unsigned_wchar_t -arch compute_121a -m64 --no-version-ident -ftz=0 -prec_div=1 -prec_sqrt=1 -fmad=1 --
